probka;ziolo;C2;1000,874;1002,803;1004,731;1006,66;1008,588;1010,517;1012,445;1014,373;1016,302;1018,23;1020,159;1022,087;1024,016;1025,944;1027,873;1029,801;1031,73;1033,658;1035,587;1037,515;1039,444;1041,372;1043,301;1045,229;1047,157;1049,086;1051,014;1052,943;1054,871;1056,8;1058,728;1060,657;1062,585;1064,514;1066,442;1068,371;1070,299;1072,228;1074,156;1076,084;1078,013;1079,941;1081,87;1083,798;1085,727;1087,655;1089,584;1091,512;1093,441;1095,369;1097,298;1099,226;1101,155
L1a;L;kalibracja;0,010464757;0,01046778;0,010645559;0,010814118;0,010899327;0,010902663;0,010933276;0,011072098;0,01118253;0,011213506;0,011322307;0,011472973;0,011490779;0,011524682;0,011508231;0,01152899;0,011513742;0,011469376;0,011396813;0,011363599;0,011283967;0,011145431;0,011086995;0,011052198;0,011076094;0,010989045;0,010799621;0,010674525;0,010639768;0,010646984;0,010554123;0,010423332;0,01041122;0,010308866;0,01022897;0,010257722;0,010246573;0,010080861;0,009754447;0,009426985;0,009337846;0,009370188;0,009268586;0,009044939;0,008926679;0,008885843;0,008824794;0,008779441;0,008635027;0,008638314;0,008783611;0,008891826;0,008877872
L1b;L;kalibracja;0,010633159;0,010676691;0,01082278;0,010936002;0,010917696;0,011038696;0,011187311;0,011321246;0,011442139;0,011475816;0,011469144;0,011641895;0,011778997;0,011805543;0,011783334;0,011853591;0,011853444;0,011769685;0,011680024;0,011638773;0,011560729;0,011423581;0,01144209;0,011429889;0,011392155;0,011356127;0,011117178;0,01094991;0,010832779;0,010791156;0,010709619;0,01055346;0,010454506;0,01033332;0,010281837;0,01031457;0,01028642;0,010149767;0,009912765;0,009656798;0,009484052;0,009330368;0,009200444;0,009070872;0,008902644;0,008823533;0,008677591;0,008603942;0,008506109;0,008585581;0,008779788;0,008881155;0,008907137
L1c;L;kalibracja;0,010486138;0,010557377;0,010748749;0,010929982;0,010990829;0,011110087;0,011213171;0,011231586;0,011348074;0,011473066;0,011423746;0,011507126;0,011691454;0,011759197;0,011792713;0,011783314;0,011775396;0,011786876;0,011721383;0,011626643;0,011453063;0,01127368;0,011238211;0,011424559;0,01141125;0,011226803;0,011010551;0,010874394;0,010769675;0,010713242;0,010558237;0,010437338;0,010433955;0,010375241;0,010314197;0,010303805;0,010282547;0,010135626;0,00990414;0,009641235;0,009451159;0,00936059;0,009213535;0,009023486;0,008905325;0,008838932;0,008812754;0,008764326;0,008580057;0,008581939;0,008790156;0,008898678;0,00889275
L2a;L;kalibracja;0,013124679;0,013270288;0,013488847;0,013665184;0,013844799;0,013976138;0,014032684;0,014072883;0,014088397;0,014058141;0,014028798;0,014022665;0,013981137;0,013894578;0,013850437;0,013708432;0,013513826;0,013327139;0,013052476;0,012903673;0,012895682;0,012770212;0,012671694;0,012581795;0,012463463;0,012292927;0,012061377;0,011852236;0,011670332;0,011469012;0,011302584;0,011100546;0,010875352;0,010743546;0,010649134;0,010588317;0,010483209;0,010299563;0,010105157;0,009871244;0,009646802;0,009479743;0,009335507;0,009092313;0,008901683;0,00888986;0,008896968;0,008821694;0,008811815;0,008804896;0,008794954;0,008825519;0,008798789
L2b;L;kalibracja;0,013179585;0,013302286;0,013493709;0,01366955;0,013832183;0,013928211;0,013988997;0,014030716;0,014124389;0,014105397;0,014083251;0,014047016;0,013990406;0,013941386;0,013808789;0,013633671;0,013476482;0,013336085;0,013142039;0,012954379;0,012892976;0,012829095;0,012740864;0,01263162;0,012517659;0,012325025;0,012086527;0,011857654;0,01162943;0,011426163;0,011276431;0,011098335;0,010900894;0,010799977;0,010721761;0,010591065;0,010438618;0,010354786;0,010235508;0,009987531;0,009685152;0,009449566;0,009279069;0,009116515;0,008943816;0,008856547;0,008802837;0,008837428;0,008881595;0,008860681;0,008820036;0,008840092;0,008780918
L2c;L;kalibracja;0,013080733;0,013222981;0,013480944;0,013692449;0,013789212;0,0139143;0,014002896;0,014036176;0,014060671;0,014054596;0,014052617;0,014008925;0,013952585;0,013837455;0,013673624;0,01353597;0,013422556;0,013321843;0,013113574;0,012910796;0,012810863;0,012732455;0,012723274;0,012643511;0,012510356;0,012290563;0,012070209;0,011921355;0,011695311;0,011478593;0,011347914;0,01118051;0,010970337;0,010787367;0,010644768;0,010494611;0,010406232;0,010369591;0,010194019;0,009887611;0,009626935;0,009444914;0,009327473;0,009179681;0,008982494;0,008836231;0,008795926;0,00880459;0,008837474;0,00884642;0,008859552;0,008839688;0,008775754
L3a;L;kalibracja;0,011481245;0,011766887;0,01204803;0,012234887;0,012443673;0,012617653;0,012705412;0,012751769;0,012807359;0,012833225;0,012866773;0,012873257;0,012898258;0,012882948;0,012810522;0,01271139;0,012587728;0,012523434;0,012508583;0,012425726;0,012330711;0,012265777;0,012270736;0,012253507;0,012173612;0,012083239;0,011899983;0,011649663;0,01151595;0,011404636;0,011251889;0,011138946;0,011021282;0,010932334;0,01081669;0,010653256;0,010533533;0,010469144;0,010344149;0,010176113;0,009985707;0,009719014;0,009561042;0,009472124;0,009355107;0,009270345;0,009274284;0,00925702;0,00922014;0,00923855;0,009247896;0,009227848;0,009199484
L3b;L;kalibracja;0,011509582;0,011736168;0,01199255;0,012226732;0,012444223;0,012599133;0,012682485;0,012735635;0,012803266;0,012875547;0,01293768;0,012960868;0,012981264;0,012920111;0,012821507;0,01268397;0,012559254;0,012508676;0,012450183;0,012354736;0,012301718;0,012282223;0,012271185;0,012240827;0,012138672;0,012009096;0,011868107;0,011687976;0,011534168;0,011420392;0,011256522;0,011175257;0,011104395;0,010945587;0,010806728;0,010714064;0,010581949;0,010429471;0,010340826;0,01022714;0,01000979;0,009749804;0,009555402;0,009415859;0,009308992;0,009251568;0,009252528;0,009242974;0,009213773;0,009256355;0,009296307;0,009267516;0,009203879
L3c;L;kalibracja;0,011482305;0,0117046;0,011961801;0,012233775;0,012462513;0,012551164;0,012645599;0,01274976;0,012771129;0,012781981;0,012862617;0,012889782;0,012898305;0,012915798;0,012823984;0,012687871;0,012606889;0,012517513;0,012428201;0,012332532;0,012263615;0,012225717;0,012241715;0,012213002;0,012107098;0,011983474;0,011849321;0,011670091;0,01151196;0,011409836;0,011291378;0,011143526;0,011004662;0,010903383;0,010798446;0,010662645;0,010553403;0,010438068;0,010304409;0,010193434;0,010002173;0,009761777;0,009574312;0,009437331;0,009293671;0,00921768;0,009276804;0,009275315;0,009230038;0,009253434;0,009256387;0,009242612;0,00920459
S1a;S;kalibracja;0,011246741;0,011276509;0,011433145;0,011669911;0,011805449;0,01184092;0,011861099;0,011950394;0,012096643;0,012251704;0,012361521;0,012491063;0,012657421;0,012755468;0,012794634;0,012690409;0,012457045;0,012189734;0,0119926;0,011940491;0,011932367;0,011855274;0,011733415;0,011558619;0,011317947;0,011019847;0,010710453;0,010481764;0,010299184;0,010022958;0,009724731;0,009504819;0,009309938;0,00913364;0,009006127;0,00894032;0,008917258;0,008841502;0,008685363;0,008530992;0,008406551;0,008318751;0,008231223;0,008194998;0,008209066;0,008173576;0,00815693;0,00819887;0,008253875;0,00826367;0,008269223;0,008308678;0,008326447
S1b;S;kalibracja;0,01122137;0,011259108;0,011412919;0,011629033;0,011759723;0,011795765;0,011838231;0,011962566;0,012134703;0,012255271;0,012380032;0,012458802;0,012537476;0,012658246;0,012704228;0,012587429;0,012375926;0,01210673;0,011900282;0,011886053;0,011923355;0,011816805;0,011669803;0,011490449;0,011273434;0,01104186;0,010780492;0,010510394;0,010271304;0,010039663;0,009798035;0,009571204;0,009356708;0,009170458;0,009029645;0,008967328;0,008938859;0,008856231;0,008738036;0,008547428;0,00843727;0,008374694;0,008297558;0,008232761;0,008147536;0,008101766;0,008158275;0,008200887;0,008239603;0,008287786;0,00831227;0,008371785;0,008394503
S1c;S;kalibracja;0,011223164;0,011263056;0,011451028;0,011643032;0,011754885;0,011827302;0,011867484;0,011988378;0,012134211;0,012276674;0,012389612;0,012476128;0,012606468;0,012750829;0,012778813;0,012675582;0,012466312;0,012191369;0,01202385;0,011990839;0,011956509;0,011850683;0,011708056;0,011503825;0,011277996;0,011017645;0,010748069;0,010544438;0,010350352;0,010088353;0,009806064;0,009576462;0,009373501;0,009203157;0,00910451;0,008986105;0,008923981;0,00886238;0,008706806;0,008554965;0,008443496;0,008358041;0,008275514;0,008209048;0,008169219;0,00813943;0,008155127;0,008201459;0,008266248;0,008316159;0,00831726;0,008301202;0,008318504
S2a;S;kalibracja;0,011551153;0,011575392;0,01179682;0,011981895;0,012113458;0,012228035;0,01226595;0,012306285;0,012292936;0,012285041;0,012422003;0,012460012;0,012471569;0,012512715;0,012519728;0,012455346;0,012338224;0,012182068;0,011875554;0,011750229;0,011783176;0,011718286;0,011576551;0,011497907;0,011471495;0,011354366;0,011167233;0,010946942;0,010738717;0,010630233;0,010555563;0,010374876;0,010212523;0,010120113;0,010084393;0,010033805;0,009941934;0,0097794;0,009534064;0,009405006;0,009266858;0,009065369;0,00891513;0,00884751;0,008814836;0,008829215;0,008867568;0,008863753;0,008890491;0,008991141;0,009066053;0,009040651;0,008942171
S2b;S;kalibracja;0,011519569;0,01148474;0,011673935;0,011947097;0,012166137;0,012303102;0,01230538;0,01229506;0,012324346;0,012337023;0,012404913;0,012433541;0,012509389;0,012562573;0,012543224;0,012406227;0,012262069;0,012111855;0,011908274;0,011759254;0,011686978;0,011658342;0,011631661;0,011542049;0,011398019;0,011245493;0,01110483;0,010987953;0,010814606;0,010607308;0,010511647;0,010378108;0,010227278;0,010174652;0,010083573;0,009999274;0,009933189;0,009791654;0,00961069;0,009471701;0,009294752;0,009144333;0,009031928;0,008841097;0,008733624;0,008832146;0,008918891;0,008913571;0,008917842;0,008913984;0,008946148;0,008986059;0,008937428
S2c;S;kalibracja;0,011432596;0,01149596;0,011706118;0,011911934;0,012084434;0,012174748;0,012216806;0,012269487;0,012315813;0,012367153;0,012449786;0,012457295;0,012477338;0,012514261;0,012461697;0,012322336;0,012195737;0,012078824;0,0119288;0,011781908;0,01171109;0,011689797;0,011665558;0,011578444;0,011415466;0,011287806;0,011183314;0,01101073;0,010803563;0,010653622;0,01055303;0,010421365;0,010255242;0,010105758;0,010003426;0,009990669;0,009952777;0,009806884;0,009598919;0,009400682;0,00925674;0,009128073;0,008987477;0,008858939;0,008804043;0,008810541;0,008844793;0,008862728;0,008933515;0,008998943;0,00896287;0,008983409;0,008962079
S3a;S;kalibracja;0,011343745;0,011785742;0,012217066;0,012561409;0,012850892;0,01303678;0,013105067;0,013210493;0,013345253;0,013381896;0,01337755;0,013356645;0,013309862;0,013214188;0,013042756;0,012838635;0,012673402;0,012556316;0,012454645;0,012349273;0,012264061;0,012181114;0,012149038;0,01215728;0,012138401;0,012063778;0,011934388;0,011854959;0,011784186;0,01163914;0,011547959;0,01148728;0,011425062;0,011364106;0,011253706;0,011143379;0,011013106;0,010840377;0,010637507;0,010405186;0,01017152;0,00995443;0,009766055;0,009650691;0,009571436;0,009542952;0,009567246;0,009636739;0,009693597;0,009746448;0,009767887;0,009694324;0,009564253
S3b;S;kalibracja;0,011419511;0,011811068;0,012205625;0,012592877;0,012893834;0,013060733;0,01310833;0,013241717;0,01333907;0,013401773;0,013441152;0,013467304;0,013402333;0,013256913;0,013033522;0,012875726;0,012740766;0,012552749;0,012411839;0,012312832;0,012272432;0,012228507;0,01220661;0,012188891;0,012154223;0,01209472;0,012013992;0,011912082;0,011815724;0,011702903;0,01158867;0,011490115;0,0114443;0,011377628;0,011257955;0,011160927;0,011029727;0,010833203;0,010608583;0,010377589;0,010169973;0,009957502;0,009791434;0,009669627;0,009562275;0,009510222;0,009492359;0,009521477;0,009614925;0,00971764;0,009742916;0,009682908;0,009579632
S3c;S;kalibracja;0,011723262;0,012036266;0,012421367;0,012790951;0,013107714;0,013355199;0,013521359;0,013635046;0,013677575;0,01368202;0,013705076;0,013724859;0,013715582;0,013664331;0,013646127;0,013615946;0,013519169;0,01340068;0,013343536;0,013294231;0,013214671;0,013150064;0,013154961;0,0131256;0,013012975;0,012868199;0,012703749;0,012505814;0,012316562;0,012109838;0,011939882;0,011800134;0,011633768;0,011492779;0,011371836;0,011240941;0,011120112;0,010978473;0,010797577;0,010604952;0,01036944;0,01012374;0,009921575;0,009702143;0,00951496;0,009402524;0,009403548;0,009419902;0,009401771;0,009423877;0,009458004;0,009437655;0,009382985
S4a;S;kalibracja;0,011784292;0,011961205;0,012155633;0,01237538;0,012596845;0,012742411;0,012842749;0,012985101;0,012979755;0,012885449;0,012947384;0,0130497;0,013078617;0,012992369;0,012938509;0,012906688;0,012818166;0,012667021;0,012533652;0,012473704;0,012450503;0,01235735;0,012276813;0,01225319;0,012240378;0,012167567;0,012015149;0,011817414;0,011673133;0,011578036;0,011497574;0,011475607;0,011384207;0,011270953;0,011135097;0,011007685;0,01090808;0,010785327;0,010591491;0,010329478;0,010205092;0,010088288;0,009901797;0,009736054;0,009639214;0,009545859;0,009475926;0,009444597;0,009421359;0,009367025;0,009357614;0,009338145;0,009228774
S4b;S;kalibracja;0,011826422;0,011969091;0,012164497;0,012422864;0,012581131;0,01273321;0,012847045;0,012915926;0,012971641;0,012952101;0,012923853;0,01305293;0,013121157;0,013055594;0,012961571;0,012910487;0,012839613;0,012710888;0,012587632;0,012487821;0,01242609;0,012367574;0,012308825;0,012235069;0,012222557;0,012148997;0,011978212;0,011849877;0,011737048;0,011608681;0,011507863;0,011456407;0,011362408;0,011259783;0,011076676;0,010966423;0,010899211;0,010751377;0,010509562;0,01031597;0,010218869;0,010067941;0,009912325;0,009751642;0,009597955;0,009488438;0,009452192;0,009459856;0,00940753;0,009326776;0,009331004;0,009299839;0,009225645
S4c;S;kalibracja;0,011788792;0,011950794;0,012196356;0,012449747;0,012614216;0,01278827;0,012863093;0,012879519;0,012878675;0,012902934;0,012941094;0,01306229;0,013118601;0,013126998;0,013061599;0,012959234;0,012874401;0,01276604;0,012602574;0,012489567;0,012440842;0,012387249;0,012348699;0,01229925;0,012227971;0,012072809;0,011938675;0,011847793;0,011726316;0,011605731;0,011475042;0,011416114;0,011348042;0,011237281;0,011091674;0,010959176;0,010879907;0,010765873;0,01059408;0,010402374;0,010230668;0,010038729;0,00986218;0,009680621;0,009575477;0,009529966;0,009492333;0,00948266;0,00945776;0,009397022;0,0093441;0,009315826;0,009241821
S5a;S;kalibracja;0,01271012;0,01321367;0,013673174;0,014034542;0,01425205;0,014434484;0,014587103;0,014662134;0,014620193;0,014499986;0,014404814;0,014273249;0,014135353;0,014003841;0,013856873;0,013731287;0,0135458;0,013315775;0,013124608;0,013013832;0,01297291;0,012954131;0,012957918;0,012894359;0,012872062;0,012864052;0,012782019;0,012675173;0,012571813;0,012437006;0,012254796;0,01210247;0,011975053;0,01185446;0,011776731;0,011635034;0,011447054;0,011312746;0,011161088;0,010952739;0,010731257;0,010514742;0,010303481;0,010104919;0,009966326;0,009931787;0,009954207;0,010020508;0,010081914;0,010111219;0,01017793;0,010162667;0,009979482
S5b;S;kalibracja;0,012732589;0,013216671;0,013655215;0,014056981;0,014279143;0,014428587;0,014576788;0,014624696;0,014597846;0,014542496;0,014420436;0,014285305;0,014164778;0,014076504;0,013914966;0,013703707;0,013481721;0,013289008;0,01310479;0,013034365;0,01297601;0,012907488;0,012906614;0,012863268;0,012895305;0,01291417;0,012836861;0,012657289;0,012506927;0,012389356;0,012247595;0,012126432;0,012050639;0,01197331;0,01184575;0,011644517;0,011478319;0,011316049;0,011134049;0,01093685;0,010733441;0,010452135;0,010222227;0,010083945;0,009975773;0,009936977;0,009960102;0,010018728;0,010079552;0,010094831;0,010125978;0,010096871;0,009966264
S5c;S;kalibracja;0,012685604;0,013176897;0,01363014;0,014013737;0,014320193;0,014496933;0,014556953;0,01454635;0,014523126;0,014437426;0,014339719;0,014265336;0,01416081;0,014031006;0,013877264;0,013682866;0,013459866;0,013258812;0,013097012;0,012994429;0,012950952;0,012926714;0,012885405;0,012848093;0,01287687;0,012859875;0,012744848;0,012611046;0,012477694;0,012348943;0,01228524;0,012192057;0,01203483;0,011891809;0,011781082;0,011638818;0,011468846;0,011304613;0,011135294;0,010891889;0,010666482;0,010463419;0,010257099;0,010110386;0,009970862;0,009861677;0,009897099;0,009988306;0,010021154;0,01004462;0,010100414;0,010047094;0,009934629
S6a;S;kalibracja;0,011957846;0,012404341;0,012805125;0,013107158;0,013349685;0,013522402;0,013632198;0,013712646;0,013755254;0,013726484;0,013680986;0,013669265;0,013618928;0,013469922;0,013329605;0,013150228;0,012963033;0,012805703;0,012692002;0,012554362;0,012425;0,012418596;0,012442511;0,012483544;0,012492348;0,012391953;0,012262297;0,012148375;0,011991133;0,011833997;0,011733957;0,011714303;0,011695547;0,011659343;0,01164161;0,011605735;0,011533805;0,011405433;0,011236468;0,011095625;0,010931936;0,010706929;0,010558082;0,010486615;0,010425608;0,010407092;0,010435283;0,010471826;0,010486242;0,01045548;0,010386255;0,010291302;0,01012442
S6b;S;kalibracja;0,012001007;0,01247253;0,012887225;0,013150278;0,013351102;0,013536592;0,013647636;0,013717596;0,013735887;0,013729095;0,013715982;0,013646781;0,013553499;0,013476183;0,013336698;0,013148963;0,013006445;0,012868277;0,012681164;0,012520133;0,012417701;0,012410822;0,012444218;0,012453171;0,012393387;0,012326776;0,01220712;0,012041921;0,011923255;0,011827162;0,011733811;0,011719697;0,01169839;0,011676905;0,011650284;0,011594242;0,011540018;0,011394006;0,011204817;0,011046718;0,010870617;0,010679822;0,010551085;0,010464697;0,010389312;0,010369218;0,010421075;0,010420888;0,010393686;0,010431352;0,010401298;0,010260695;0,010083517
S6c;S;kalibracja;0,012031245;0,012434955;0,01280867;0,013151442;0,013403777;0,013573551;0,013668324;0,013687522;0,013708324;0,013730313;0,013728701;0,01367962;0,01361523;0,013485914;0,013294295;0,013148132;0,013033176;0,012870176;0,012686601;0,012546133;0,01245646;0,012452862;0,012444645;0,012449263;0,012425644;0,012354158;0,012226861;0,012082821;0,011959828;0,011854207;0,01175367;0,011706797;0,011680954;0,011675055;0,011670659;0,011638833;0,011577829;0,011415686;0,01121288;0,011026098;0,010851504;0,010708812;0,010569592;0,010449273;0,010356467;0,010315076;0,010367992;0,010433877;0,010450214;0,010425679;0,010337074;0,01020623;0,010082041
S7a;S;kalibracja;0,012272481;0,012459617;0,012687135;0,012924276;0,013075281;0,013144714;0,013199296;0,013238895;0,013259838;0,013310054;0,013309755;0,013294926;0,013304394;0,013318894;0,013272988;0,013146761;0,012968174;0,012818444;0,012680818;0,012537696;0,012446296;0,012341758;0,012306621;0,012258589;0,012194423;0,012011305;0,011720074;0,011500246;0,011314635;0,011164538;0,011040031;0,010976445;0,010926972;0,010865956;0,010785637;0,010673699;0,010586675;0,010472167;0,010315742;0,010090919;0,009877824;0,009698272;0,009544483;0,009456941;0,00940628;0,009403126;0,009415184;0,009414396;0,009431599;0,009420169;0,009357815;0,009277801;0,009161434
S7b;S;kalibracja;0,012263539;0,012425298;0,01263422;0,012873649;0,013074041;0,013167678;0,013194836;0,013245076;0,013277791;0,013251454;0,013197941;0,013237036;0,013297816;0,013319293;0,013256078;0,013113626;0,012980687;0,012860222;0,012656094;0,012488796;0,012399915;0,012363169;0,01236198;0,012274306;0,01217644;0,012006916;0,011749746;0,011487452;0,011314162;0,011191744;0,011073931;0,010972602;0,010907784;0,010829169;0,01074243;0,010648774;0,010543445;0,010411269;0,010262627;0,010075097;0,009876641;0,009701331;0,00952353;0,009410427;0,009335822;0,009367063;0,00939492;0,009376262;0,009400181;0,009417263;0,009344513;0,009248262;0,009140473
S7c;S;kalibracja;0,012295638;0,012456582;0,012682403;0,012916452;0,013058757;0,013143901;0,013193749;0,013223003;0,013232225;0,013248684;0,013262853;0,013265641;0,013250957;0,013316498;0,013296952;0,013160801;0,013027082;0,012857403;0,012627019;0,012453299;0,012412233;0,012383831;0,012351574;0,012283723;0,012192903;0,012015995;0,011737025;0,011482792;0,011293885;0,011164243;0,011084815;0,010994771;0,01091507;0,010832143;0,010744306;0,010634557;0,010517691;0,010413161;0,010285772;0,01010285;0,009920022;0,009724316;0,009523709;0,009396724;0,009346536;0,009327337;0,009338175;0,009360344;0,009382462;0,009391468;0,009315939;0,009237183;0,009167654
S8a;S;kalibracja;0,011165354;0,011479627;0,011756216;0,012044623;0,012264537;0,012449613;0,012646818;0,012780394;0,012853202;0,012926152;0,013002834;0,01306029;0,01309368;0,013153788;0,013170021;0,013103648;0,013057177;0,013010064;0,012942896;0,012911455;0,012890047;0,012859012;0,012855385;0,012851859;0,012804435;0,012714841;0,012645788;0,01255197;0,012453361;0,012342506;0,012218564;0,012105513;0,012003781;0,011894458;0,011792235;0,011692886;0,011564883;0,011395771;0,011206806;0,01096726;0,010731369;0,0104781;0,010223026;0,009969609;0,009779037;0,009672407;0,0095717;0,00949029;0,009457462;0,009459282;0,009450708;0,009391871;0,009278693
S8b;S;kalibracja;0,011165;0,01148868;0,011804791;0,012093099;0,012307472;0,01247845;0,012632048;0,01274416;0,012839252;0,012905086;0,012981574;0,013057176;0,013134763;0,013130759;0,013117882;0,013097608;0,013073795;0,012994112;0,012919273;0,012873923;0,012854239;0,012824216;0,012846156;0,012845386;0,012797115;0,012739678;0,012671432;0,012543513;0,012406179;0,012306104;0,012216994;0,012125024;0,011984735;0,011842066;0,011763764;0,011692165;0,011542759;0,011367159;0,011143822;0,010910009;0,010679929;0,010416189;0,010188072;0,009965111;0,009763394;0,009625345;0,009530926;0,009495401;0,009460639;0,009445964;0,009417683;0,009340166;0,009243236
S8c;S;kalibracja;0,011170502;0,011479563;0,011780764;0,012080777;0,012303812;0,012460149;0,012618932;0,012752267;0,012830748;0,012912358;0,013015841;0,013076785;0,013105424;0,013123024;0,01311809;0,013085164;0,013074338;0,013032034;0,012930082;0,012859236;0,012847575;0,012836137;0,012845977;0,012832926;0,012792366;0,012727073;0,012647916;0,012565238;0,012458034;0,012309698;0,012184798;0,012095373;0,011968881;0,011843638;0,011765017;0,011683539;0,011548804;0,011400035;0,011194752;0,010944138;0,010695794;0,010456116;0,010202803;0,009970272;0,00977762;0,009643747;0,00956672;0,009522693;0,009473905;0,009414745;0,009397525;0,009357805;0,009236427
S10a;S;kalibracja;0,012459602;0,012861075;0,013235557;0,013528446;0,013786905;0,014000106;0,014109452;0,014175307;0,014252217;0,014303078;0,014306641;0,014299468;0,014297531;0,014300689;0,014257049;0,014168826;0,014076814;0,013945246;0,013812721;0,013753627;0,013713582;0,013642391;0,013609985;0,013644429;0,013602212;0,013453947;0,013251787;0,013065414;0,012884471;0,012680412;0,012472027;0,012304233;0,012142399;0,01200849;0,011876042;0,011782318;0,011685856;0,011502377;0,011288811;0,011046487;0,010762158;0,010472497;0,010181539;0,009914753;0,00969115;0,009568539;0,009495853;0,009442494;0,009439561;0,009435718;0,009372626;0,009287445;0,00914188
S10b;S;kalibracja;0,012538559;0,012911377;0,013253234;0,01355923;0,013842952;0,014029627;0,014140963;0,01421757;0,014260294;0,014342429;0,014345228;0,014327537;0,014326046;0,014325128;0,014248966;0,014180208;0,01411948;0,014001328;0,013891558;0,013809836;0,013741146;0,013677007;0,013700993;0,013714017;0,013615162;0,013448841;0,013308969;0,013150778;0,012928097;0,012676297;0,012458136;0,012295256;0,012153028;0,012035159;0,011931623;0,011796331;0,011668871;0,011470673;0,011275908;0,011058013;0,010774512;0,010493512;0,010211755;0,009919458;0,009660653;0,009512068;0,009457642;0,009427439;0,009403921;0,009370275;0,009315261;0,009228284;0,009063783
S10c;S;kalibracja;0,012508262;0,012904036;0,013240756;0,013547336;0,013850291;0,014074436;0,014149813;0,014195195;0,014262162;0,014295517;0,014339957;0,014350224;0,014317848;0,014315868;0,01427139;0,014181136;0,01409199;0,013986693;0,013866578;0,013775453;0,013696088;0,013634147;0,01362423;0,013651223;0,013634777;0,013502508;0,013306996;0,013105948;0,012910783;0,012689096;0,012484423;0,012310535;0,012158001;0,012054743;0,011944858;0,011799881;0,011653799;0,011499155;0,011327717;0,011072113;0,010754841;0,010451688;0,010151636;0,009882467;0,009643083;0,009508297;0,009468042;0,009433337;0,009397677;0,009369175;0,00931515;0,009247022;0,009136432
S11a;S;kalibracja;0,012381451;0,012782462;0,013178663;0,0134949;0,013728052;0,013946304;0,014110724;0,014189374;0,014217429;0,014266837;0,014307787;0,014317572;0,014361155;0,01434517;0,0142706;0,014186664;0,014099815;0,013980368;0,013860667;0,013767326;0,013722505;0,013672762;0,013641343;0,013608009;0,013544867;0,013421251;0,013220799;0,01300067;0,012776162;0,012577296;0,012377104;0,012171684;0,012000849;0,011842984;0,011739033;0,011599375;0,011417992;0,011228791;0,011027299;0,01080873;0,010511898;0,010168317;0,009851673;0,009629119;0,009439196;0,00927244;0,009234904;0,009275055;0,009307045;0,009302869;0,009290634;0,009240039;0,009168045
S11b;S;kalibracja;0,012479968;0,012882506;0,013213939;0,013496029;0,013751;0,013940102;0,014096273;0,014197106;0,014272601;0,014333186;0,014327565;0,014322529;0,014324734;0,014316116;0,01426058;0,014184953;0,014068082;0,013968108;0,013866214;0,013769971;0,013724514;0,013670331;0,013622269;0,013550462;0,013498472;0,013380159;0,013172856;0,012965661;0,012728092;0,012464251;0,012265179;0,012100896;0,011946948;0,011831651;0,011731092;0,011586548;0,011418326;0,011229529;0,011006574;0,010757133;0,010479323;0,010135653;0,009810913;0,009590242;0,009394597;0,009223173;0,009176423;0,009208118;0,009230284;0,009249678;0,009251878;0,0092081;0,009091778
S11c;S;kalibracja;0,012454931;0,012839987;0,013196786;0,013458009;0,013695881;0,013921601;0,014037862;0,014111351;0,014214723;0,014283448;0,014308997;0,014342019;0,014355405;0,014323154;0,014262035;0,014147481;0,014011083;0,013924278;0,013860046;0,013789182;0,013726916;0,013645065;0,013569732;0,013517756;0,013467631;0,013320784;0,013091518;0,01289467;0,012699523;0,012502828;0,012307776;0,01210718;0,011950256;0,011810371;0,011673157;0,011553195;0,011391224;0,011212739;0,010989146;0,010718691;0,010451528;0,010145852;0,009827642;0,00957071;0,00937694;0,009237363;0,00918735;0,00918995;0,009235365;0,009262381;0,00925403;0,00918271;0,009052524
S12a;S;kalibracja;0,012256382;0,01253879;0,012826487;0,013072524;0,013282804;0,013454055;0,013566769;0,013680712;0,013737941;0,013788492;0,013815376;0,013784453;0,013770528;0,013692708;0,013605343;0,013498313;0,013359581;0,013225173;0,01313839;0,013077025;0,013066006;0,013050307;0,013014725;0,013015859;0,012973383;0,012853776;0,012727324;0,012532201;0,012291382;0,01208715;0,011907528;0,01176986;0,011669122;0,01154921;0,011400285;0,01130199;0,011230678;0,011118567;0,010987072;0,010784593;0,010557434;0,010316663;0,010080868;0,009858327;0,009690451;0,009569846;0,009471921;0,009431107;0,009417882;0,009389061;0,009289872;0,009140627;0,00898789
S12b;S;kalibracja;0,012293529;0,012556844;0,012841565;0,013101513;0,013279419;0,013461862;0,013625378;0,013680406;0,013742065;0,013823235;0,013811486;0,013770417;0,013786502;0,013748008;0,013637071;0,013527129;0,01337187;0,013218506;0,013157258;0,0131222;0,013113903;0,013101206;0,013035021;0,012990231;0,012944647;0,012855467;0,01270886;0,012489386;0,01227065;0,012081242;0,011926835;0,011767836;0,01163535;0,011558965;0,01145708;0,011318987;0,011202605;0,011097486;0,010973259;0,010757403;0,010510717;0,010261267;0,010028551;0,009824244;0,009673292;0,00957288;0,009505566;0,009461552;0,009448102;0,009408462;0,009319439;0,009160617;0,008976554
S12c;S;kalibracja;0,012298685;0,012563642;0,01281576;0,013108634;0,01333335;0,013521114;0,013671035;0,013706492;0,013756143;0,013807335;0,013829283;0,013780225;0,013767282;0,013747728;0,013651859;0,01351743;0,01340244;0,013270116;0,013211696;0,013174368;0,013099807;0,01304931;0,01302236;0,013010762;0,012987723;0,012859779;0,012680071;0,012468816;0,012253856;0,012084403;0,011926333;0,011765265;0,011632415;0,011552073;0,011473555;0,011352935;0,011229166;0,011131499;0,010988714;0,01077682;0,010538173;0,010251512;0,010003211;0,009841465;0,009703493;0,009566488;0,009475468;0,009434033;0,00940196;0,00933097;0,009222413;0,009090772;0,008962165
B1a;B;kalibracja;0,010997932;0,01128439;0,01151231;0,011737273;0,011909909;0,012031048;0,012107926;0,012116538;0,01209416;0,012031614;0,012009926;0,011999468;0,011929897;0,011782914;0,011640168;0,011533601;0,011434672;0,011304109;0,011132255;0,011089326;0,011072055;0,011087647;0,011110404;0,011160261;0,011199113;0,011189098;0,011136778;0,011025638;0,01089311;0,010774589;0,010701561;0,010673095;0,010653894;0,010648635;0,01063436;0,010626823;0,010589202;0,010570582;0,010521652;0,010428959;0,010335907;0,010187871;0,009958638;0,009760189;0,009655783;0,009593031;0,009563122;0,009585942;0,009639682;0,009712232;0,009716234;0,009657474;0,009577365
B1b;B;kalibracja;0,010906642;0,011178547;0,011400708;0,011654245;0,011833515;0,011926469;0,011997012;0,012036615;0,012026755;0,01198826;0,011981366;0,011946874;0,011864838;0,011675161;0,011526628;0,011457429;0,011348425;0,011194032;0,011071558;0,01100157;0,010976811;0,010990439;0,011024312;0,011083276;0,01113003;0,011084472;0,01100395;0,010921679;0,010819654;0,010751064;0,010681482;0,010635696;0,010632712;0,01059502;0,010544425;0,010554455;0,010524327;0,010524173;0,010514959;0,010389563;0,010258183;0,01007102;0,009863694;0,009698083;0,009595076;0,009578498;0,009558977;0,009543362;0,009582948;0,009654685;0,009648359;0,009633278;0,009584919
B1c;B;kalibracja;0,010949285;0,01127199;0,011508803;0,011678004;0,011838216;0,012003716;0,012082758;0,012090347;0,012077298;0,01205031;0,012024603;0,011967978;0,011894255;0,011778769;0,011646489;0,011534966;0,011398397;0,011259385;0,011114882;0,011040779;0,011049561;0,011135074;0,011220739;0,011230694;0,011164016;0,011115012;0,011104688;0,011024821;0,010898338;0,010780794;0,010674797;0,010623833;0,010606449;0,010581999;0,010584658;0,01060705;0,01059353;0,010579051;0,010515366;0,010397262;0,010311316;0,010144718;0,009909676;0,009725614;0,009604554;0,009565559;0,009574608;0,009609403;0,00963882;0,009670461;0,009658585;0,009620185;0,009587585
B2a;B;kalibracja;0,010764686;0,011121776;0,011453505;0,011776043;0,012030835;0,012142883;0,01219991;0,012231701;0,012247759;0,01223725;0,012179852;0,012065936;0,011959325;0,011851841;0,011734653;0,011591006;0,011397832;0,011201319;0,011067886;0,011022363;0,011026071;0,011022865;0,011052674;0,011102428;0,011131497;0,011128803;0,011079732;0,011008848;0,010912981;0,010796609;0,010728295;0,010713282;0,010708597;0,010637959;0,010621693;0,010620119;0,010571028;0,010502002;0,010438544;0,010361541;0,0102632;0,010131075;0,0100271;0,009951254;0,009914419;0,009942691;0,010059242;0,010181038;0,010276041;0,010340231;0,010373378;0,010338182;0,01023506
B2b;B;kalibracja;0,010797333;0,011151755;0,011473442;0,011756837;0,011965921;0,012091301;0,012193053;0,012258812;0,012238892;0,012209126;0,012148129;0,012041432;0,011947488;0,011848246;0,011747564;0,011566455;0,011369946;0,011231215;0,011144651;0,011047006;0,01094543;0,010930953;0,010987005;0,011055153;0,011088433;0,011093111;0,011080554;0,011028598;0,010928933;0,010802003;0,010722312;0,010684196;0,01068512;0,010630793;0,010592235;0,010580462;0,010543998;0,010503604;0,010433039;0,010312715;0,010173116;0,010068882;0,009990604;0,009907822;0,009906051;0,009969954;0,010067931;0,010130747;0,010206608;0,01028961;0,010327754;0,010284712;0,010205593
B2c;B;kalibracja;0,010774815;0,011155785;0,01150908;0,011827635;0,012033938;0,012131179;0,012208782;0,01225399;0,012249992;0,012233578;0,012151959;0,012047851;0,011918217;0,011802403;0,011738814;0,011588963;0,011410021;0,011255194;0,011135955;0,01105021;0,010986094;0,011004734;0,011042926;0,011078201;0,011097625;0,011086002;0,01107726;0,010996923;0,01088615;0,010820448;0,010739234;0,010696621;0,010698199;0,010686355;0,010642245;0,010605206;0,010584841;0,010559601;0,010502419;0,010389088;0,010223773;0,010065668;0,009968955;0,009893282;0,009871061;0,009951313;0,01008079;0,010177263;0,010234769;0,010318621;0,010376265;0,010319979;0,01019461
B3a;B;kalibracja;0,009438081;0,009717927;0,0099933;0,010239296;0,010474004;0,010663027;0,010780341;0,010899723;0,010964392;0,010986676;0,011055356;0,011075007;0,011029996;0,011053257;0,011057343;0,010988334;0,010937752;0,010936292;0,010929592;0,010894995;0,010861649;0,010863124;0,01088753;0,010939445;0,010963556;0,010965066;0,010932283;0,010889883;0,010865429;0,010856128;0,010795533;0,01073375;0,010737107;0,010684018;0,010609129;0,010572721;0,01054637;0,010488696;0,010352271;0,01022331;0,010138063;0,009993265;0,009846951;0,009766402;0,009690683;0,009628985;0,00961076;0,009654915;0,009722352;0,009772203;0,009770496;0,009739903;0,009671861
B3b;B;kalibracja;0,009414283;0,00971308;0,009997461;0,010228963;0,010468653;0,010676939;0,010809125;0,010896116;0,01098709;0,011036472;0,011064463;0,011077498;0,011044428;0,011040689;0,011021009;0,010990966;0,010981348;0,01096158;0,010915153;0,010889554;0,010873093;0,010848335;0,010872902;0,010920867;0,010954383;0,010941627;0,010897031;0,010853401;0,010820384;0,010802837;0,010742322;0,010704815;0,010725158;0,010695253;0,010621415;0,010598057;0,010540624;0,010422594;0,010308412;0,01017062;0,010055502;0,009923459;0,009783493;0,009717263;0,009663953;0,009600403;0,009619754;0,009668717;0,009713688;0,00975352;0,009750669;0,009740572;0,009683318
B3c;B;kalibracja;0,009462391;0,009725843;0,01000399;0,01025747;0,010501507;0,01068287;0,010803403;0,010930987;0,011023876;0,011055602;0,011085653;0,01108269;0,011086722;0,011119276;0,011092633;0,011054778;0,01100761;0,010962484;0,010938874;0,010895285;0,010884409;0,010906408;0,010903685;0,010929697;0,010961155;0,010986323;0,010955434;0,010890313;0,010852396;0,010827303;0,010785807;0,01076598;0,010787452;0,010749809;0,010669696;0,010614586;0,010540816;0,010426627;0,010318046;0,010187095;0,010068351;0,009947983;0,009808213;0,009704014;0,009628193;0,009585463;0,009602093;0,009654768;0,009733427;0,009768938;0,009768938;0,009747432;0,009707306
B4a;B;kalibracja;0,009797425;0,010175667;0,010561504;0,01088778;0,011159273;0,011380864;0,011487048;0,011582273;0,01164858;0,011689785;0,011667811;0,011624816;0,011587521;0,011511613;0,011406815;0,011309329;0,011203984;0,011082442;0,010989601;0,010930616;0,010888232;0,010913118;0,011001021;0,011094973;0,011151613;0,011123863;0,011105235;0,011054796;0,010947001;0,010868878;0,010857722;0,0108625;0,010831395;0,01083148;0,010850033;0,010846254;0,010841835;0,010845426;0,010782803;0,010652375;0,010533726;0,010378827;0,010226643;0,010167064;0,010168204;0,010180293;0,010184439;0,010208637;0,010290679;0,010412975;0,010447632;0,010408763;0,0103548
B4b;B;kalibracja;0,009891282;0,010198473;0,010499601;0,010834172;0,011106194;0,011306558;0,011480553;0,011634184;0,011676931;0,011643709;0,011645629;0,01161937;0,011531877;0,011459207;0,01141852;0,011339853;0,011245756;0,011114975;0,010984489;0,010899796;0,010902892;0,010957651;0,011017489;0,011085134;0,011136991;0,011139995;0,011122094;0,011044988;0,010929362;0,010867099;0,01086461;0,010853965;0,010859953;0,010884007;0,010906676;0,010903865;0,010855508;0,010791224;0,010729559;0,010611057;0,010505755;0,010387898;0,010203956;0,0100774;0,010071595;0,010111732;0,010132738;0,010161551;0,010263216;0,010373772;0,010418473;0,010374157;0,01031274
B4c;B;kalibracja;0,009828842;0,010163549;0,010502539;0,010832205;0,011074581;0,011266041;0,011430626;0,011570069;0,011595968;0,011560757;0,011551949;0,011551471;0,011545404;0,011496686;0,011414859;0,01130246;0,011193145;0,011062122;0,010966862;0,010918442;0,010881021;0,010910139;0,010977085;0,011051683;0,011110587;0,011136919;0,01111806;0,011018138;0,010918452;0,01086548;0,010848649;0,010836037;0,010840148;0,010892696;0,010908489;0,010861531;0,010818602;0,010788573;0,010729264;0,010630748;0,010478685;0,010323709;0,010185915;0,010119394;0,01010204;0,010107882;0,01013856;0,010192947;0,010262163;0,010360058;0,010405086;0,010363302;0,010300351
B5a;B;kalibracja;0,009291317;0,009651353;0,009992876;0,010268074;0,010459397;0,010638142;0,010810377;0,010908127;0,010994992;0,011088483;0,011069574;0,01108888;0,011165481;0,011184599;0,0111123;0,01102894;0,010946469;0,010898918;0,010880909;0,010872578;0,010829506;0,010794534;0,010833044;0,010881296;0,010953585;0,01097533;0,010912533;0,010827518;0,010780586;0,010748878;0,010693552;0,010673973;0,010686813;0,010694044;0,010694891;0,010682616;0,010608424;0,010518114;0,010425878;0,010363226;0,010257209;0,010106484;0,009962941;0,009836294;0,009808363;0,009837741;0,009882379;0,009956586;0,010025443;0,010086704;0,010132923;0,010159177;0,010128135
B5b;B;kalibracja;0,009290841;0,009658012;0,010022628;0,01029311;0,010484929;0,010695789;0,010896335;0,010994023;0,011004285;0,011043341;0,011082376;0,011135381;0,011181849;0,011159157;0,011147419;0,011099866;0,011017985;0,010943176;0,010888273;0,010866127;0,010835661;0,010821186;0,010885413;0,01094235;0,011010294;0,011008074;0,010964795;0,010883338;0,010810345;0,01075857;0,010679209;0,010668152;0,010702665;0,010687148;0,010691918;0,010686901;0,010609459;0,010562257;0,010484341;0,010334734;0,010204249;0,01008444;0,009969765;0,009870967;0,009812822;0,009817823;0,009862982;0,009938752;0,01001152;0,010090397;0,010131753;0,010154009;0,010149804
B5c;B;kalibracja;0,009268299;0,009631478;0,009980979;0,010261561;0,010479;0,010680648;0,01084809;0,010931511;0,010993954;0,011060116;0,011068417;0,01109642;0,011163473;0,011143487;0,011069764;0,011043251;0,011023477;0,010956992;0,01086317;0,010823532;0,010803839;0,010831468;0,010858853;0,010839202;0,010862937;0,010914018;0,010918153;0,010905931;0,010855052;0,010750518;0,010654043;0,010634847;0,010681194;0,010719566;0,010731698;0,010691199;0,010607361;0,010555499;0,010495185;0,010362567;0,010213541;0,010052241;0,009909485;0,009851684;0,009847637;0,009849009;0,009900685;0,009972527;0,010020105;0,010081086;0,010152994;0,010173335;0,010101894
B6a;B;kalibracja;0,010291698;0,010731105;0,011158788;0,011454891;0,011656022;0,011797638;0,011900964;0,011918215;0,011938893;0,011951485;0,011941616;0,011904672;0,011848516;0,011792976;0,011706913;0,011609153;0,011489863;0,011363482;0,011250644;0,011191729;0,011175992;0,011166008;0,01118475;0,011235556;0,011264793;0,01125638;0,011219055;0,011153448;0,011074547;0,011030654;0,010995879;0,010959884;0,010930294;0,010890001;0,010891851;0,010866347;0,010786912;0,010663575;0,010522921;0,010398231;0,010215161;0,010070808;0,010028081;0,009909554;0,009881467;0,009963045;0,010021608;0,010074238;0,010115341;0,010187225;0,010259494;0,010261275;0,01016774
B6b;B;kalibracja;0,010280984;0,010691552;0,011060318;0,011362036;0,011580841;0,011705151;0,011803229;0,011870435;0,011893233;0,011905028;0,011906338;0,011859307;0,01176051;0,011691781;0,01163825;0,011502833;0,01137958;0,011272665;0,011152414;0,011084975;0,011090946;0,011102805;0,011143631;0,011211293;0,011223659;0,011231131;0,011212392;0,011122399;0,011046113;0,010990585;0,010902642;0,010837982;0,010823503;0,010830521;0,010850169;0,010830912;0,010734746;0,010621365;0,010486193;0,010339552;0,010181634;0,010059148;0,009986958;0,00989736;0,009849544;0,009884519;0,009944807;0,010015567;0,010076681;0,010156847;0,010213013;0,010189358;0,010070427
B6c;B;kalibracja;0,01034787;0,010793719;0,011157114;0,011423155;0,011664487;0,011874314;0,012014036;0,012053323;0,011984821;0,011976014;0,012003963;0,011959732;0,011849913;0,0117527;0,011687962;0,011592876;0,011463675;0,011320222;0,011232547;0,011178472;0,011185216;0,011187977;0,011239236;0,011282081;0,011289327;0,011286152;0,011268701;0,011237141;0,011168682;0,011068642;0,011028613;0,010989718;0,010943665;0,01092341;0,010938001;0,010928551;0,010852678;0,010712306;0,01055981;0,01045117;0,010286445;0,010102046;0,009983416;0,009889508;0,0098522;0,009898671;0,009996399;0,010080759;0,010131173;0,010204285;0,010250613;0,01026723;0,010181833
B7a;B;kalibracja;0,010543317;0,010951154;0,011287929;0,01158912;0,011882872;0,012074328;0,012158325;0,012205646;0,012236498;0,012211216;0,012136454;0,012049282;0,012001156;0,011920377;0,011781032;0,011650654;0,011503887;0,011374244;0,011286524;0,011232083;0,011206293;0,011220386;0,011282553;0,011359035;0,011429286;0,011408033;0,011354473;0,011342801;0,011289266;0,011215189;0,011176797;0,011212099;0,011222181;0,011182399;0,011120012;0,011084369;0,011063887;0,01095757;0,010785412;0,010646036;0,010474902;0,010260635;0,010083407;0,009951817;0,009900941;0,009875769;0,009837443;0,009851384;0,0099491;0,010026919;0,010030525;0,010005141;0,009921525
B7b;B;kalibracja;0,010583411;0,010988757;0,011341678;0,01167144;0,011928535;0,012083117;0,012217093;0,012275681;0,012267022;0,012226301;0,012181414;0,012139301;0,012093571;0,012002374;0,011847379;0,011663557;0,011535827;0,011426739;0,0113205;0,011239629;0,011212726;0,0112292;0,011321106;0,011411968;0,011473311;0,011487762;0,011446029;0,011368017;0,011338963;0,01131029;0,01122469;0,011210382;0,011227287;0,011206799;0,011203875;0,011168387;0,011107246;0,011003149;0,010864619;0,010676346;0,010468699;0,010264433;0,010091935;0,009968353;0,009889777;0,009822295;0,009838694;0,00991867;0,009998595;0,010044005;0,010061812;0,010039528;0,009927471
B7c;B;kalibracja;0,010585842;0,010971073;0,011336066;0,011634055;0,01184992;0,012013541;0,01214098;0,012193679;0,012178123;0,012164165;0,012153219;0,012073269;0,011992981;0,01188992;0,011756975;0,011638803;0,011495348;0,011355515;0,011291637;0,011253689;0,01119898;0,011224322;0,011300411;0,011385818;0,011402114;0,011409621;0,011404106;0,011378534;0,011337869;0,011260864;0,011185878;0,011172265;0,011195112;0,011189219;0,011168429;0,011123302;0,011057747;0,010956118;0,010774441;0,010597496;0,010451037;0,010237673;0,010028531;0,009925659;0,009848993;0,009803364;0,009832064;0,00988217;0,009943799;0,010018786;0,01003053;0,009982219;0,009871561
O1a;O;kalibracja;0,011401646;0,011778827;0,012129467;0,012427457;0,012639923;0,012802194;0,012906713;0,013002402;0,013046756;0,01302754;0,012985287;0,012901707;0,012832985;0,01278411;0,012727015;0,012636494;0,012553669;0,012478924;0,012404288;0,012314562;0,012220857;0,01212776;0,012096672;0,012108963;0,012082216;0,012013478;0,011930128;0,011860511;0,011803531;0,011718104;0,011651039;0,011624293;0,011598826;0,01158126;0,011520948;0,011436236;0,011354215;0,011217772;0,011037353;0,010813557;0,010520816;0,010257891;0,010006906;0,009727129;0,009533279;0,009448132;0,0094326;0,009425807;0,009422549;0,009436538;0,00940728;0,009308112;0,009184362
O1b;O;kalibracja;0,013185034;0,0135804;0,013922307;0,014185943;0,014333543;0,01439963;0,014454388;0,01444979;0,014405156;0,014356105;0,014316618;0,014176322;0,013992896;0,013842689;0,013671621;0,013465002;0,013245475;0,013046145;0,012862254;0,012696933;0,012584166;0,012510427;0,012498266;0,012504288;0,012469532;0,012362835;0,012237323;0,012071742;0,011917473;0,011804477;0,011720144;0,011652601;0,011595963;0,011549478;0,011534237;0,011449509;0,011332367;0,01118149;0,010920767;0,010645552;0,010389811;0,010130884;0,00990527;0,00969056;0,009551005;0,009471905;0,00947951;0,009504732;0,009545966;0,009583405;0,009554074;0,00946782;0,009274238
O1c;O;kalibracja;0,011573758;0,011859183;0,012105646;0,012291549;0,012444754;0,012563178;0,012646732;0,012665433;0,012679443;0,012726212;0,012700748;0,012592353;0,012493407;0,012424918;0,0123518;0,012242802;0,012077513;0,011943818;0,011863991;0,011817453;0,011781215;0,011740156;0,011772277;0,011794692;0,01169241;0,011606012;0,011558422;0,011453667;0,011392939;0,011372887;0,011325516;0,011272816;0,01122038;0,011214638;0,011193635;0,011116955;0,010992165;0,010849216;0,010731042;0,010530313;0,010271019;0,010025559;0,009735726;0,009495268;0,009375989;0,009294324;0,009302964;0,009389619;0,009408093;0,009391742;0,009372872;0,009291518;0,009165868
O2a;O;kalibracja;0,011816815;0,012077939;0,012407427;0,012691396;0,012955685;0,013115249;0,013165918;0,013235014;0,013232435;0,013180258;0,013129512;0,013054985;0,012986365;0,012900464;0,012779875;0,012683825;0,012619682;0,012464356;0,012300486;0,012246884;0,012201103;0,012170545;0,012197529;0,012215805;0,012161429;0,012089792;0,011995034;0,011868503;0,011733193;0,01155916;0,011401674;0,011343965;0,011368531;0,01131042;0,011204834;0,011155728;0,011066507;0,010910297;0,010759362;0,010595402;0,010349077;0,01009932;0,009877716;0,009631055;0,009467609;0,009403216;0,009379049;0,009305038;0,009317437;0,00940169;0,009427783;0,009396111;0,009337409
O2b;O;kalibracja;0,011642479;0,011926933;0,012215818;0,012460121;0,012671635;0,012818473;0,012892907;0,012994036;0,013024723;0,012998943;0,01294093;0,012874404;0,012820304;0,012748714;0,012682525;0,012556688;0,01242131;0,012299932;0,012216908;0,012172574;0,012138482;0,01209661;0,012046859;0,012062863;0,012028606;0,011930779;0,011833288;0,011744577;0,011617833;0,01148007;0,011390754;0,011330036;0,011255463;0,011170313;0,011090296;0,011028505;0,01096681;0,01083368;0,010682763;0,010482484;0,010272966;0,010078251;0,009843863;0,009597815;0,009433719;0,009359303;0,009340221;0,009331579;0,009347351;0,009359501;0,009354307;0,00933902;0,009264551
O2c;O;kalibracja;0,011626749;0,011887275;0,012148552;0,012395463;0,012593746;0,012745575;0,012857981;0,012962243;0,01298481;0,012969267;0,012946089;0,012889269;0,012800274;0,01269846;0,012590907;0,012501821;0,012412301;0,012306953;0,012194488;0,01210695;0,012067818;0,012025915;0,012042787;0,012069589;0,01201879;0,011917142;0,011825033;0,011700073;0,011575975;0,01143645;0,011323051;0,011263414;0,011220217;0,011177219;0,011083022;0,011021982;0,010970399;0,010850694;0,010704578;0,010530366;0,01028905;0,010043325;0,009808191;0,009585744;0,009436263;0,009330221;0,00926539;0,009239899;0,009289069;0,009352932;0,009356631;0,00930985;0,009221724
O3a;O;kalibracja;0,011425932;0,011676234;0,011978294;0,012297592;0,012535805;0,012599847;0,012645402;0,012647836;0,012619562;0,01265028;0,012592381;0,012481263;0,012351305;0,012222864;0,012043409;0,011918034;0,01176621;0,011574645;0,011364325;0,011198158;0,011163725;0,011200721;0,011217632;0,011235834;0,011200126;0,011179961;0,011127187;0,011010896;0,010984816;0,010979326;0,010905733;0,010866671;0,010859187;0,010807513;0,010745079;0,01075228;0,010679089;0,010552447;0,01037764;0,010158258;0,009990039;0,009874212;0,00976045;0,009650431;0,009566947;0,009584653;0,009635754;0,009662047;0,009755584;0,009828273;0,009864153;0,009820511;0,00975363
O3b;O;kalibracja;0,01144734;0,011703156;0,011985694;0,012272127;0,012488312;0,012652257;0,012682184;0,012662007;0,012653588;0,012621679;0,012526661;0,012405136;0,012350019;0,012256271;0,012046472;0,011912068;0,011775431;0,011563411;0,011363741;0,011262211;0,011184789;0,011220735;0,011268992;0,01125902;0,011240377;0,011163926;0,011063886;0,010986217;0,010950075;0,010928365;0,010852313;0,010819999;0,010815502;0,010795097;0,010793662;0,010771008;0,010644711;0,010537405;0,010352995;0,01012544;0,009999717;0,00983116;0,009654856;0,009568773;0,009546074;0,009567428;0,009581004;0,009588241;0,009697884;0,009788799;0,009800289;0,009738371;0,00965574
O3c;O;kalibracja;0,011369871;0,011693575;0,011941388;0,012117506;0,012326437;0,012481807;0,012565377;0,012533988;0,012458824;0,012467672;0,012381506;0,012260871;0,012184743;0,012085852;0,011909415;0,01183255;0,011689164;0,011520005;0,011330818;0,011154789;0,011074211;0,011086426;0,011157124;0,011212732;0,011137532;0,011100853;0,011094038;0,010972432;0,010877613;0,010868367;0,010797519;0,01072543;0,01069697;0,010707068;0,010722952;0,010738829;0,01063695;0,010462794;0,01028028;0,010089788;0,009967785;0,009815303;0,009616924;0,009492488;0,009500397;0,009545146;0,009536723;0,009591457;0,009678033;0,009733442;0,009771433;0,009721253;0,00963505
O4a;O;kalibracja;0,01168319;0,011829031;0,01201001;0,01226549;0,012491291;0,012512731;0,012472659;0,012468593;0,012464548;0,012423189;0,012408873;0,012353211;0,012249541;0,01209163;0,011983466;0,011859203;0,011672447;0,01153529;0,011365795;0,011234024;0,011235255;0,011285537;0,011333464;0,011289614;0,011214373;0,01115331;0,011097362;0,010983669;0,010888846;0,010831006;0,010747637;0,010721356;0,010718048;0,01071236;0,010675623;0,010548499;0,010474278;0,010436006;0,010312216;0,010140741;0,00997527;0,009839341;0,009690281;0,009572702;0,009520181;0,009511591;0,00954774;0,009601883;0,009619993;0,009622863;0,009617233;0,009562587;0,009389804
O4b;O;kalibracja;0,011338063;0,011522414;0,011696625;0,011853983;0,011989577;0,012088232;0,012109017;0,012108874;0,01211978;0,012074602;0,012018229;0,011986014;0,011883137;0,0117158;0,011607586;0,011499031;0,011358374;0,011246582;0,011126288;0,011020566;0,010970922;0,010982506;0,010993145;0,011007171;0,010991023;0,010910823;0,010781311;0,010702756;0,010660732;0,010555746;0,010456141;0,010405554;0,010424136;0,010452014;0,01042795;0,010375655;0,010318415;0,010220456;0,010104086;0,009990834;0,009830401;0,009682932;0,0095721;0,009451664;0,00938789;0,009389214;0,009409766;0,009449669;0,009470767;0,009448857;0,009416234;0,009396999;0,009321736
O4c;O;kalibracja;0,01144254;0,011546286;0,011740585;0,01196368;0,012105375;0,012145957;0,012154207;0,012153474;0,012112823;0,012061084;0,012084878;0,012051852;0,011901656;0,011778301;0,011704002;0,011552678;0,011383657;0,0112854;0,011161062;0,011084151;0,011056291;0,011082701;0,011105676;0,011081765;0,011024738;0,010959688;0,010882915;0,010761679;0,010666757;0,010594057;0,010524698;0,010447003;0,010479471;0,010553377;0,010494794;0,010382623;0,010309599;0,010222437;0,010108938;0,009962424;0,009834701;0,009701145;0,009593436;0,009501356;0,009412558;0,0093659;0,009391698;0,009472793;0,009510016;0,009512308;0,009514409;0,009484755;0,009352704
O5a;O;kalibracja;0,011027919;0,011273059;0,011485536;0,011688405;0,011897828;0,012036386;0,012150299;0,012236787;0,012223576;0,012229959;0,012282932;0,012350196;0,012388252;0,012421016;0,0124052;0,01236124;0,012330012;0,012244584;0,012113174;0,011996419;0,011946644;0,011942685;0,011907307;0,011847951;0,011782672;0,011668375;0,011548328;0,011424799;0,011311453;0,011188509;0,011035278;0,010900057;0,010795533;0,010698222;0,010624486;0,010595032;0,01051433;0,010393644;0,010232241;0,010060544;0,009862686;0,009643444;0,009480899;0,009329643;0,009211516;0,009138794;0,00910247;0,009110096;0,009135059;0,009186487;0,009252964;0,009231207;0,009166065
O5b;O;kalibracja;0,011120355;0,011358792;0,011639789;0,011844497;0,012013835;0,012185903;0,0123319;0,01241336;0,01242509;0,012441139;0,012495757;0,012535128;0,012592412;0,012631846;0,012616773;0,012564886;0,012532743;0,012429624;0,012296389;0,012199492;0,012153161;0,012123448;0,012079565;0,012017523;0,011942136;0,011818061;0,011688777;0,011529012;0,011374736;0,011232821;0,011119755;0,010999959;0,010892541;0,010857189;0,010794387;0,010704866;0,010593132;0,010418436;0,010246348;0,010095893;0,009890527;0,0096887;0,009509978;0,009353066;0,009220134;0,009142883;0,009105584;0,009117067;0,009147861;0,009182432;0,009270405;0,009284792;0,009218718
O5c;O;kalibracja;0,011121607;0,011345828;0,011538412;0,011764764;0,01199216;0,01216543;0,012249432;0,012287979;0,012349564;0,012403571;0,0124323;0,01247436;0,012546498;0,012567115;0,012524074;0,012510512;0,012495978;0,012393066;0,012266572;0,012138031;0,012053728;0,012064151;0,012063462;0,012015861;0,0119068;0,011758332;0,011604073;0,011493563;0,011373768;0,011255063;0,011119322;0,010989727;0,010843093;0,010782057;0,010736051;0,010666427;0,01055855;0,010428763;0,010276862;0,010097161;0,009885693;0,009694392;0,009527068;0,009366955;0,009228882;0,009127425;0,00911009;0,009092201;0,009126037;0,009194823;0,009252252;0,009245601;0,00918851
O7a;O;kalibracja;0,011227319;0,01157679;0,011854978;0,012108756;0,01235594;0,012519547;0,012615022;0,012668352;0,012691667;0,012645335;0,012624793;0,012608999;0,012559693;0,012523733;0,012465939;0,012370469;0,012263496;0,012154068;0,012070498;0,012032973;0,011997338;0,011965141;0,011972481;0,011942038;0,011881788;0,011808074;0,011745242;0,011668881;0,011576817;0,011533914;0,011496517;0,011477609;0,011445199;0,011449872;0,011440587;0,011373492;0,011329424;0,011221845;0,010999526;0,010797486;0,010561694;0,010279479;0,009997665;0,009812815;0,009685298;0,00954286;0,009489214;0,009429891;0,009364342;0,009401297;0,009400467;0,009331276;0,00925163
O7b;O;kalibracja;0,011296867;0,011661391;0,011979533;0,012250484;0,012479904;0,012591309;0,012657764;0,012698834;0,012694302;0,012699461;0,012710968;0,012722796;0,01263874;0,012577469;0,012525247;0,012401904;0,012288878;0,012240754;0,012232688;0,012195801;0,01212634;0,012042547;0,012008702;0,011988342;0,011962482;0,011904026;0,011789338;0,011731166;0,011701013;0,011643146;0,011581387;0,011552136;0,011492676;0,011499557;0,01148848;0,011405627;0,011342864;0,011209386;0,010998253;0,010812458;0,010571375;0,010354804;0,010104748;0,009831125;0,009651314;0,00956016;0,00947559;0,009430862;0,009446241;0,009464504;0,009430153;0,009307266;0,00915352
O7c;O;kalibracja;0,011297807;0,011670257;0,011958531;0,012179299;0,012359828;0,012532167;0,012651705;0,012686068;0,01267237;0,012675185;0,012662002;0,012607441;0,012544535;0,012465142;0,012399254;0,012350513;0,012273861;0,012194444;0,012105844;0,012091045;0,012089465;0,012011114;0,011960255;0,01189817;0,011850177;0,011810907;0,011730066;0,011683222;0,011628069;0,011545095;0,011527539;0,01153244;0,011489899;0,011480419;0,011455352;0,011372102;0,011325807;0,011214195;0,011037084;0,010778549;0,010513462;0,010291986;0,010017151;0,009769501;0,009624086;0,00956599;0,009537402;0,009442938;0,009341554;0,009308814;0,0093463;0,009344634;0,009202479
O8a;O;kalibracja;0,010567903;0,010766125;0,011006704;0,011268488;0,011453409;0,011596274;0,011743649;0,011772689;0,011736525;0,011706743;0,011673555;0,011629123;0,011695124;0,011705679;0,01159747;0,011455501;0,011443762;0,011487428;0,011438068;0,011309352;0,01116763;0,011128266;0,011121585;0,011105354;0,011158506;0,011063313;0,01091821;0,010798924;0,010758722;0,010797304;0,010739209;0,010658667;0,01068619;0,01071178;0,010730642;0,010699886;0,010616725;0,010482488;0,010316337;0,010120754;0,010023274;0,009856935;0,009660964;0,009548368;0,009444646;0,009397835;0,00939149;0,009347375;0,009399146;0,009470607;0,009436496;0,009324234;0,009241994
O8b;O;kalibracja;0,010373634;0,010613601;0,010855128;0,011058186;0,011294383;0,011433921;0,011465273;0,011455072;0,011429888;0,011431428;0,011398799;0,011320887;0,011316743;0,01132746;0,011318172;0,011253781;0,011184599;0,011170751;0,011076564;0,010943173;0,0108885;0,010903546;0,010895069;0,010862294;0,010853166;0,010766986;0,010691593;0,010617747;0,010563455;0,010584304;0,010542345;0,010468076;0,010436715;0,010458946;0,010517314;0,0104841;0,010389506;0,010278639;0,010178004;0,010023089;0,009859728;0,009705529;0,009552364;0,009447652;0,009378763;0,009310964;0,009290077;0,009247171;0,00928601;0,009347526;0,009310561;0,009196481;0,00913389
O8c;O;kalibracja;0,010550097;0,010752411;0,010976136;0,011227998;0,011437879;0,011609911;0,011773684;0,011832562;0,011798232;0,011723077;0,011680441;0,01164427;0,011651287;0,011616418;0,011498891;0,011417997;0,01142899;0,011449896;0,011420704;0,011285556;0,011191989;0,011152717;0,011146992;0,011147337;0,011113373;0,010996428;0,010904891;0,01079568;0,010726677;0,010730119;0,010733402;0,010704696;0,010679446;0,010692313;0,010725377;0,01066316;0,010596274;0,010499953;0,010324319;0,010122895;0,009934085;0,009749746;0,009656997;0,009558154;0,009455426;0,009360471;0,009315398;0,009307534;0,009403424;0,009439991;0,009380252;0,009268337;0,009233807
T1a;T;kalibracja;0,011064719;0,011263566;0,011452738;0,011632009;0,011779632;0,01189879;0,011944125;0,011942658;0,011939799;0,011945915;0,011958869;0,012004507;0,011967994;0,01193748;0,011913869;0,01182172;0,011728817;0,011651219;0,011573039;0,011484989;0,011433992;0,011447551;0,011431295;0,011357279;0,011284395;0,011193433;0,011119827;0,010980013;0,010881284;0,010830427;0,010727269;0,010653493;0,010580381;0,010470158;0,010372129;0,010328343;0,010295909;0,010236755;0,010150712;0,01000791;0,009838453;0,009664719;0,009520892;0,009394468;0,00936089;0,009297637;0,009222019;0,009212565;0,009215076;0,009235628;0,009227228;0,009183674;0,009155651
T1b;T;kalibracja;0,011157517;0,011386872;0,011579601;0,011771762;0,011947203;0,012039223;0,012035971;0,012017953;0,012035798;0,012014562;0,012047216;0,012108384;0,012075343;0,012025829;0,012002308;0,011924303;0,011840967;0,011733463;0,011639609;0,011568527;0,011533619;0,011513273;0,011479996;0,01145612;0,011376302;0,011247765;0,011140058;0,0110567;0,010951299;0,010856899;0,010744201;0,010665429;0,010599917;0,010481999;0,010415992;0,010418113;0,010388698;0,010328556;0,010199855;0,01003013;0,00982467;0,009633022;0,009502581;0,009388525;0,009300502;0,009244506;0,009254952;0,009227418;0,009203995;0,0092792;0,009292468;0,009229019;0,009192039
T1c;T;kalibracja;0,011115787;0,011329021;0,011492154;0,011647824;0,011826298;0,011914394;0,011912803;0,011913355;0,011929929;0,011932019;0,011929706;0,011968004;0,011956117;0,011903354;0,011849806;0,011806767;0,011730099;0,011616661;0,011550605;0,011498271;0,011443774;0,011413141;0,011362529;0,011326953;0,011262711;0,011179672;0,0111039;0,010986253;0,010832111;0,010729929;0,010683342;0,010642118;0,010581424;0,010479649;0,01036878;0,010325925;0,010314222;0,010251601;0,010154754;0,010014695;0,009837132;0,009656843;0,009483225;0,009330738;0,009278546;0,009247351;0,009207982;0,009188877;0,009212418;0,00924941;0,009223522;0,009175388;0,009136553
T2a;T;kalibracja;0,010522571;0,010662986;0,010828211;0,010979418;0,011110507;0,011214225;0,011229882;0,011222592;0,011205595;0,011192325;0,011231935;0,011273284;0,011295412;0,011298573;0,011247315;0,011168971;0,011092098;0,011016689;0,010913838;0,010819003;0,010786087;0,01078026;0,010770058;0,010718011;0,010613739;0,010524934;0,010437128;0,010289706;0,010163453;0,010057305;0,009973393;0,009874512;0,009820068;0,009771426;0,009724929;0,009659889;0,009571822;0,009482067;0,009390989;0,009261985;0,00911104;0,008988756;0,008908476;0,008875956;0,008826616;0,008771995;0,008740888;0,008753125;0,008834034;0,008936658;0,008997643;0,008999074;0,00898735
T2b;T;kalibracja;0,010519048;0,010672201;0,01086044;0,011013991;0,011151331;0,011238071;0,01125488;0,011251213;0,011217164;0,011191759;0,011252673;0,011345652;0,011369919;0,011347394;0,011296728;0,011198887;0,01112027;0,011068077;0,01097874;0,01087656;0,010835534;0,010820973;0,010811565;0,010782237;0,010710813;0,010583785;0,010435212;0,010299913;0,010190656;0,010102092;0,010030461;0,009953493;0,009884907;0,009833826;0,0097476;0,009684796;0,009642351;0,009572993;0,009443359;0,009259726;0,009097695;0,00899184;0,008933574;0,008877067;0,008816495;0,008763297;0,008743295;0,00879494;0,008844346;0,008869533;0,008925866;0,008999648;0,009015884
T2c;T;kalibracja;0,010534277;0,010685566;0,010873678;0,01102326;0,011113383;0,011184678;0,01126267;0,011265357;0,011251642;0,011249143;0,011242935;0,011265463;0,011291995;0,011328174;0,011323754;0,011238646;0,011126902;0,01102241;0,010934068;0,010867045;0,010856762;0,010854523;0,010801844;0,010745197;0,010681178;0,010567163;0,010425702;0,010284427;0,010182067;0,010095906;0,010025004;0,009951063;0,009885379;0,0098121;0,009763702;0,009690822;0,009581438;0,009482043;0,009395155;0,009300253;0,009156594;0,00899815;0,008872649;0,008821522;0,008798731;0,008766891;0,008737305;0,008764041;0,008824169;0,008922582;0,008999015;0,009008736;0,008999546
T3a;T;kalibracja;0,010829687;0,010989033;0,011180213;0,01137673;0,011562553;0,011703239;0,011752885;0,01181991;0,011880295;0,011868726;0,011838441;0,011876949;0,011932726;0,011903399;0,011827505;0,011744035;0,011681113;0,011611056;0,011596582;0,011555408;0,011503947;0,011485877;0,011475607;0,011439541;0,011392818;0,011327656;0,01123456;0,011141105;0,011064677;0,010966538;0,010883814;0,010793299;0,010714539;0,010650917;0,010563307;0,010501316;0,010439722;0,010334927;0,010237313;0,01008503;0,009875651;0,009693755;0,009539987;0,009356164;0,009198195;0,009099513;0,009040065;0,008986318;0,008969572;0,008960524;0,008932453;0,008935841;0,008905004
T3b;T;kalibracja;0,010792962;0,010943051;0,011140483;0,011373438;0,011532616;0,011626067;0,011731847;0,011840727;0,01188696;0,011881722;0,011849834;0,011843888;0,011878453;0,011844014;0,011770487;0,011746569;0,011745146;0,011634055;0,011553668;0,011532758;0,011468886;0,011438002;0,011468662;0,011446303;0,011384273;0,011302266;0,01123936;0,01115224;0,011047319;0,010961301;0,01088027;0,010780748;0,01070809;0,010638701;0,010535982;0,010501131;0,010449069;0,010311784;0,010150314;0,010011598;0,009879186;0,009696958;0,009503386;0,009330445;0,009166432;0,009074261;0,009030616;0,008975197;0,008961271;0,008950164;0,008918737;0,008897698;0,008906472
T3c;T;kalibracja;0,010788261;0,010910264;0,011117491;0,011375822;0,011553768;0,011666401;0,011746424;0,011817894;0,011836654;0,011853691;0,011852848;0,011839596;0,011887969;0,011859909;0,011788571;0,011716108;0,011659296;0,011603757;0,011551274;0,01150341;0,011472901;0,011421235;0,011443832;0,011459393;0,011393096;0,011279366;0,011182427;0,011116121;0,011031258;0,010911028;0,010817356;0,010749443;0,010667233;0,010611974;0,010542822;0,010511585;0,010446657;0,010317768;0,010214944;0,010058533;0,009844719;0,009670418;0,009525255;0,00933641;0,009175458;0,009065582;0,008981352;0,008920324;0,008922862;0,008926919;0,008935666;0,008934191;0,008911875
